size,path,id,color,name,entityID,order,s_height,height,guid,ground_lev,rise_by,level,coordinates
10000,city,city,"rgb(125, 220, 255)",德清地理信息小镇,,,,,,,,,
5000,city/house,house,"rgb(255, 136, 0)",德清地理信息小镇—A区,,,,,,,,,
1000,city/house/house.0,house.0,"rgb(255, 183, 0)",14栋-正元大厦,007a63f4-a7c2-4bd7-b637-c9890228ca61,1.0,0.0,57.0,0dff9015-f8b4-4260-9c90-57589de3d712,Raise or lower,57.0,0.0,"[[[119.9759047277446, 30.52270938827809], [119.97555659262503, 30.52266107072308], [119.97550761498701, 30.52293636055399], [119.97585414244189, 30.52298331074159], [119.9759047277446, 30.52270938827809]]]"
1000,city/house/house.1,house.1,"rgb(189, 186, 0)",,024a7d7d-d581-4bb6-a748-0e0ea8725973,1.0,0.0,5.0,0301b9bc-0cc0-449d-a4ec-5cbe280dc590,Raise or lower,5.0,0.0,"[[[119.97321636188869, 30.520094202264215], [119.97313449336256, 30.52010074509626], [119.9731388878951, 30.52014489255675], [119.9732212118265, 30.52013825332621], [119.97321636188869, 30.520094202264215]]]"
1000,city/house/house.2,house.2,"rgb(189, 186, 0)",,032136c4-5338-46c6-940c-9063a81ba0d0,1.0,0.0,16.0,013df85a-9aaa-4162-9344-4010cac00464,Raise or lower,16.0,0.0,"[[[119.97611419412637, 30.521471023615465], [119.97587379810871, 30.52143996060527], [119.97584536005294, 30.52159383803056], [119.97608491732534, 30.52162875588276], [119.97611419412637, 30.521471023615465]]]"
1000,city/house/house.3,house.3,"rgb(189, 186, 0)",,0596759a-8cb4-4845-8ef8-fb569974d0bd,1.0,0.0,4.0,bc8c3399-61d7-4527-9ea3-66828f532541,Raise or lower,4.0,0.0,"[[[119.97404753018311, 30.52058350754903], [119.97407946871881, 30.520580186666436], [119.97406941772886, 30.520526094243294], [119.97403921292158, 30.520529694483518], [119.97404753018311, 30.52058350754903]]]"
1000,city/house/house.4,house.4,"rgb(255, 183, 0)",A区7栋,069f124c-ddc4-4105-b7bd-d4d1a7cbbdc2,1.0,0.0,18.0,220b0d05-780c-4d3e-bfba-6305b1f120c7,Raise or lower,18.0,0.0,"[[[119.97459990888603, 30.52317610169945], [119.97432140549408, 30.523150167971522], [119.97429529812334, 30.52336237936577], [119.97457415570547, 30.523387545768458], [119.97459990888603, 30.52317610169945]]]"
1000,city/house/house.5,house.5,"rgb(189, 186, 0)",,08f1ebb0-2a50-4e23-941d-c86f58a94f6c,1.0,0.0,5.0,fa987e70-1dd1-4059-a312-0c7fb96c2e3a,Raise or lower,5.0,0.0,"[[[119.97514026222575, 30.521179641463277], [119.97508355890245, 30.521170947169214], [119.97507208634832, 30.52122725536332], [119.97512910449701, 30.5212361579645], [119.97514026222575, 30.521179641463277]]]"
1000,city/house/house.6,house.6,"rgb(189, 186, 0)",,0b10642f-acba-42fc-9e38-988f005921f7,1.0,0.0,4.0,1a097d4c-a88e-4e14-b209-859ef29051ca,Raise or lower,4.0,0.0,"[[[119.97378810839535, 30.520776754716543], [119.97378542382346, 30.520722405906774], [119.97375282914668, 30.5207242944368], [119.97375591910267, 30.520778109590136], [119.97378810839535, 30.520776754716543]]]"
1000,city/house/house.7,house.7,"rgb(189, 186, 0)",,0b94e9a2-9581-4698-b9a6-06be16c1290e,1.0,0.0,4.0,e819544f-05aa-4e04-b9db-5795e3af70b7,Raise or lower,4.0,0.0,"[[[119.97491719882026, 30.521769869639286], [119.97487334260943, 30.521763108083476], [119.97485781184967, 30.52177543132562], [119.97485514312723, 30.521787512419053], [119.97491228230356, 30.521796001087203], [119.97491719882026, 30.521769869639286]]]"
1000,city/house/house.8,house.8,"rgb(189, 186, 0)",,0cc5a157-298d-45c5-992a-242e2bac0fd1,1.0,0.0,8.0,53d3d174-97f4-41a4-ada8-cdbcc8e5a072,Raise or lower,8.0,0.0,"[[[119.97349803948745, 30.520240715979924], [119.97350001808266, 30.52027731528318], [119.97338686198849, 30.520287603895238], [119.9733955541563, 30.520358252166282], [119.97355361467433, 30.520345238424817], [119.9735418875917, 30.520236170898826], [119.97349803948745, 30.520240715979924]]]"
1000,city/house/house.9,house.9,"rgb(189, 186, 0)",,0d1ba9a9-f38e-4f6f-9b21-1c84a4f1f8f8,1.0,0.0,14.0,6de02fdc-8acb-4bde-853a-8b9ce742c324,Raise or lower,14.0,0.0,"[[[119.97647100896096, 30.52312304733342], [119.976740420957, 30.523161239933096], [119.97677035058778, 30.522931715259755], [119.97651087294565, 30.522899251718183], [119.97647100896096, 30.52312304733342]]]"
1000,city/house/house.10,house.10,"rgb(189, 186, 0)",,0f21fa64-57f1-455a-aabc-254c46ac0a62,1.0,0.0,4.0,b511057d-f82c-47d4-9c2b-cb71b1259666,Raise or lower,4.0,0.0,"[[[119.97344824054566, 30.52073668759413], [119.97345211777363, 30.520790617108563], [119.97348416216371, 30.520788891090984], [119.97348035540219, 30.520734989336823], [119.97344824054566, 30.52073668759413]]]"
1000,city/house/house.11,house.11,"rgb(189, 186, 0)",,1323d370-5de6-4822-9f21-ebd61970e516,1.0,0.0,4.0,647f8a9d-ef14-478f-8f7c-ace06cd4a798,Raise or lower,4.0,0.0,"[[[119.97311908016808, 30.520772507222873], [119.97315134354986, 30.52077097958433], [119.9731484079034, 30.52071684125679], [119.97311614104414, 30.52071787867835], [119.97311908016808, 30.520772507222873]]]"
1000,city/house/house.12,house.12,"rgb(189, 186, 0)",,163ef67b-3027-4fd3-b952-1aadaffee816,1.0,0.0,4.0,20a1446e-2587-4cda-aee9-742b44dcb2d2,Raise or lower,4.0,0.0,"[[[119.9739949580344, 30.5205878052535], [119.9740260639699, 30.520586082838513], [119.9740227807049, 30.52053181851208], [119.97399173680652, 30.520532735452957], [119.9739949580344, 30.5205878052535]]]"
1000,city/house/house.13,house.13,"rgb(255, 183, 0)",A区23栋,165c30fa-bad5-4738-b4e1-69b350319c14,1.0,0.0,18.0,c39e42d3-ec97-4950-a573-b94e73ed21bf,Raise or lower,18.0,0.0,"[[[119.97538295589918, 30.52154131962382], [119.97533421488109, 30.521810484898758], [119.97555171633593, 30.521840859137132], [119.97560157397234, 30.52157087869324], [119.97538295589918, 30.52154131962382]]]"
1000,city/house/house.14,house.14,"rgb(189, 186, 0)",,166209ea-75b5-4135-b8e2-05dc31c9af35,1.0,0.0,4.0,4019b144-658e-4067-bdbe-0fe7b9cd44a6,Raise or lower,4.0,0.0,"[[[119.97360407516555, 30.520729733112447], [119.97360431470521, 30.52078366838879], [119.97363704009048, 30.52078392710414], [119.97363606810254, 30.520729485855494], [119.97360407516555, 30.520729733112447]]]"
1000,city/house/house.15,house.15,"rgb(189, 186, 0)",,1975d7eb-c01f-4df4-8da9-5dff85c8ae89,1.0,0.0,4.0,46941c29-ac52-4e09-a4c7-0e8dd71830ba,Raise or lower,4.0,0.0,"[[[119.97413483770627, 30.52047398114076], [119.97412838149341, 30.520418819759886], [119.97409551478682, 30.52042115947632], [119.97410291930142, 30.52047665653045], [119.97413483770627, 30.52047398114076]]]"
1000,city/house/house.16,house.16,"rgb(189, 186, 0)",,20afdab2-c3d3-4f9b-b212-c1f3d501bedc,1.0,0.0,4.0,84a9c4b5-cdf3-4c53-87e1-fb32662af925,Raise or lower,4.0,0.0,"[[[119.97422883779143, 30.522160867225402], [119.97422824328243, 30.52208996965437], [119.97417718277872, 30.522091695198817], [119.97417761263976, 30.522161639805574], [119.97422883779143, 30.522160867225402]]]"
1000,city/house/house.17,house.17,"rgb(189, 186, 0)",,21d44a38-ca6b-4af0-a784-2d10f70c514b,1.0,0.0,8.0,5323d821-edf2-4483-b310-ffb2a0db694e,Raise or lower,8.0,0.0,"[[[119.97454692533829, 30.521955505239436], [119.97447072011006, 30.521954766203365], [119.97446980328901, 30.522089431978255], [119.97454626517442, 30.522089981173416], [119.97454692533829, 30.521955505239436]]]"
1000,city/house/house.18,house.18,"rgb(189, 186, 0)",,22dae15e-aed6-49b6-a2a6-1ff9dc0b351e,1.0,0.0,4.0,1dfdd5df-605c-4cd7-8049-c51e17c52788,Raise or lower,4.0,0.0,"[[[119.97467585710054, 30.521494920919764], [119.97467021492638, 30.521265281653605], [119.97458930819114, 30.5212672079813], [119.97459585227573, 30.521497938222716], [119.97467585710054, 30.521494920919764]]]"
1000,city/house/house.19,house.19,"rgb(255, 183, 0)",A区3栋,22e634ff-174c-454c-beda-c497dd0b800c,1.0,0.0,95.0,09b73536-d1c5-4447-8c11-a86914dc55d7,Raise or lower,95.0,0.0,"[[[119.97385888165256, 30.523643062649295], [119.9738282371103, 30.523308564579718], [119.97339731779938, 30.523338780564437], [119.97342542125487, 30.523671447013896], [119.97385888165256, 30.523643062649295]]]"
1000,city/house/house.20,house.20,"rgb(189, 186, 0)",,238c0396-ccfc-4c92-b364-534f46f3bb56,1.0,0.0,4.0,15b0991d-0acb-4707-b7e1-c60e95124204,Raise or lower,4.0,0.0,"[[[119.97404051676766, 30.520481815497583], [119.9740293846833, 30.520428203708622], [119.97399919309102, 30.520432293597594], [119.97401000925862, 30.52048671701169], [119.97404051676766, 30.520481815497583]]]"
1000,city/house/house.21,house.21,"rgb(255, 183, 0)",A区9栋,260cd6a8-1b61-44d6-9d2f-18cfc1e4eb6b,1.0,0.0,20.0,cce8c156-660e-4f8e-ba32-86e5687241b7,Raise or lower,20.0,0.0,"[[[119.97502822826836, 30.52313260672244], [119.97505341642045, 30.522917222325656], [119.97477177183406, 30.52289234529812], [119.97474721087681, 30.52310863337916], [119.97502822826836, 30.52313260672244]]]"
1000,city/house/house.22,house.22,"rgb(189, 186, 0)",,26957b84-0d37-425e-ba8f-97a2ac0a15ab,1.0,0.0,8.0,9c6364cd-9dd4-4523-8c56-9bd255b9124c,Raise or lower,8.0,0.0,"[[[119.97302040334218, 30.520477460891076], [119.97314074188584, 30.520468968489773], [119.97313374817762, 30.520398617985247], [119.97301157363573, 30.520408457712715], [119.97302040334218, 30.520477460891076]]]"
1000,city/house/house.23,house.23,"rgb(189, 186, 0)",,2a7ea4ba-9ba4-4cea-9817-0607706278c7,1.0,0.0,8.0,eaa2164d-4183-4634-8b99-b683963c3470,Raise or lower,8.0,0.0,"[[[119.97491006618856, 30.52161507063525], [119.97504361421207, 30.521634208924482], [119.97505396193199, 30.52157975646504], [119.9749207623718, 30.52155971747182], [119.97491006618856, 30.52161507063525]]]"
1000,city/house/house.24,house.24,"rgb(189, 186, 0)",,2dc5b59b-3fff-4e91-a077-b0c4b7e2775c,1.0,0.0,4.0,50786d9c-f3c4-4df6-8911-3024fa4a71d5,Raise or lower,4.0,0.0,"[[[119.97323506171651, 30.52074557718173], [119.97324109591442, 30.520799615173278], [119.97327274946439, 30.520797002190015], [119.97326668833006, 30.520743065191354], [119.97323506171651, 30.52074557718173]]]"
1000,city/house/house.25,house.25,"rgb(255, 183, 0)",国遥大厦5栋,32521c56-3708-4afa-aead-cadaef010870,1.0,0.0,20.0,6d1b85a6-9f86-4389-b9f1-482c7966d9c2,Raise or lower,20.0,0.0,"[[[119.97726721055383, 30.523253875133683], [119.97725686639839, 30.52323870656156], [119.97697355483703, 30.523197267784848], [119.97692875993843, 30.523417278368758], [119.977229025469, 30.523470275189773], [119.97726721055383, 30.523253875133683]]]"
1000,city/house/house.26,house.26,"rgb(189, 186, 0)",,36dd840e-0739-4f5a-bb61-0c2a8e2fdd44,1.0,0.0,8.0,06c9fd23-b6d3-4b87-9c72-1ebf7293ef73,Raise or lower,8.0,0.0,"[[[119.97391173764713, 30.52019465279555], [119.97383318363865, 30.520197205812625], [119.97384264142698, 30.52042814396951], [119.97392224368143, 30.520425491192753], [119.97391173764713, 30.52019465279555]]]"
1000,city/house/house.27,house.27,"rgb(255, 183, 0)",国遥大厦2栋,38f5c459-c7e2-4e18-8846-6088f24a8915,1.0,0.0,54.0,d91620f1-a874-43f1-94e6-2c9870cfafdc,Raise or lower,54.0,0.0,"[[[119.97639961181486, 30.52341574116043], [119.97673932295741, 30.5234668999135], [119.97679309131534, 30.5231746146907], [119.97645162018766, 30.523125035110876], [119.97639961181486, 30.52341574116043]]]"
1000,city/house/house.28,house.28,"rgb(255, 183, 0)",A区3栋,39d58b63-c13c-4849-b43b-3d6266e6bd21,1.0,0.0,95.0,36e84a73-e301-4f7a-a1fb-0c3787d39b2a,Raise or lower,95.0,0.0,"[[[119.97334494322835, 30.522437614494375], [119.97336880407094, 30.522689809916], [119.97401354987069, 30.5226443926844], [119.97399389292822, 30.52239773013526], [119.97334494322835, 30.522437614494375]]]"
1000,city/house/house.29,house.29,"rgb(255, 183, 0)",A区24栋,3b362109-d1c5-4445-b1c0-da537772d1e3,1.0,0.0,18.0,fe0d37fc-2b5e-4428-ab89-5845b7d09795,Raise or lower,18.0,0.0,"[[[119.97545189427386, 30.52116230107921], [119.97540205948691, 30.521434836105506], [119.97562144384196, 30.521466251323115], [119.9756730274859, 30.521192878595137], [119.97545189427386, 30.52116230107921]]]"
1000,city/house/house.30,house.30,"rgb(189, 186, 0)",,41e23f22-536a-4ffb-8975-9c9ba93d7d1d,1.0,0.0,6.0,e69f9188-ce9a-446d-b0e8-90d1f3f9a9bd,Raise or lower,6.0,0.0,"[[[119.97466807718182, 30.521212766318463], [119.97458674277466, 30.52121473262503], [119.97458684566733, 30.521245316582714], [119.97466881914082, 30.521243338740092], [119.97466807718182, 30.521212766318463]]]"
1000,city/house/house.31,house.31,"rgb(189, 186, 0)",,44309fc2-dfdf-4e59-b3fa-45ad9b8de6e2,1.0,0.0,4.0,ad5f65e8-2258-4da5-90bb-568fe94ac051,Raise or lower,4.0,0.0,"[[[119.97366970038837, 30.520782429089717], [119.97366869456863, 30.520728491820805], [119.97363625905719, 30.52072859354808], [119.97363740459802, 30.520783220513213], [119.97366970038837, 30.520782429089717]]]"
1000,city/house/house.32,house.32,"rgb(255, 183, 0)",A区8栋,46a06e37-225f-4d0e-a4c6-207d86050996,1.0,0.0,20.0,f6dfe674-a8c4-4520-ba00-9749af0b22db,Raise or lower,20.0,0.0,"[[[119.97463668348189, 30.522880990884342], [119.97435714279607, 30.52285390130023], [119.9743309241732, 30.523066877144924], [119.97461033909387, 30.52309415438004], [119.97463668348189, 30.522880990884342]]]"
1000,city/house/house.33,house.33,"rgb(255, 183, 0)",A区1栋,4b97236b-2d6a-40ee-a127-144eec5e477e,1.0,0.0,27.0,0002519e-efa2-47ec-99de-05246ce9e634,Raise or lower,27.0,0.0,"[[[119.97483852883387, 30.523752242664425], [119.97487196693538, 30.52349665542851], [119.9743721648782, 30.52345368479449], [119.97433788326303, 30.5237037076932], [119.97483852883387, 30.523752242664425]]]"
1000,city/house/house.34,house.34,"rgb(255, 183, 0)",A区25栋,4c57835b-1870-42c9-ae23-44c840209b88,1.0,0.0,57.0,9fedbf96-27ef-49b4-aa7f-9327d69ae83c,Raise or lower,57.0,0.0,"[[[119.97562412469213, 30.522322878556896], [119.9759624878249, 30.522370583566563], [119.97601466124951, 30.52208648484615], [119.97567738247155, 30.52204025541998], [119.97562412469213, 30.522322878556896]]]"
1000,city/house/house.35,house.35,"rgb(189, 186, 0)",,5616ac94-df5e-43e0-8424-37cbe671fbc1,1.0,0.0,8.0,633a4e25-59c6-4c9f-b092-4555d629234b,Raise or lower,8.0,0.0,"[[[119.97361221041945, 30.520481565526698], [119.97326574958723, 30.520463856943714], [119.97326126207314, 30.520532247850756], [119.97360748215088, 30.52054996720767], [119.97361221041945, 30.520481565526698]]]"
1000,city/house/house.36,house.36,"rgb(189, 186, 0)",,58d60f90-c37d-40c2-92d4-6ab35898811f,1.0,0.0,6.0,9153f2d5-9fc1-47f5-a0a6-c384b2881404,Raise or lower,6.0,0.0,"[[[119.97334811538872, 30.520245543399223], [119.9733345604091, 30.52012902682727], [119.97298779121864, 30.52015749424799], [119.9730005516768, 30.520274123308017], [119.97334811538872, 30.520245543399223]]]"
1000,city/house/house.37,house.37,"rgb(189, 186, 0)",,59726862-63d8-4b79-ab50-ae7cb93b03a0,1.0,0.0,4.0,38bc9808-6799-460b-b52d-a60e4e32efcd,Raise or lower,4.0,0.0,"[[[119.97412549517549, 30.52057516355614], [119.97412205286497, 30.52052036038324], [119.97409107061827, 30.52052193830181], [119.97409449503753, 30.520576730603178], [119.97412549517549, 30.52057516355614]]]"
1000,city/house/house.38,house.38,"rgb(189, 186, 0)",,5b2a4e7b-6ec6-40e4-94b4-54ff0eabecb1,1.0,0.0,8.0,2a6c81d5-3ba9-40d7-8bea-b0825a087c8c,Raise or lower,8.0,0.0,"[[[119.97512350304928, 30.520914067345178], [119.97489652838091, 30.52088323509663], [119.97488452708023, 30.52095031310005], [119.97511085667392, 30.520980959882973], [119.97512350304928, 30.520914067345178]]]"
1000,city/house/house.39,house.39,"rgb(255, 183, 0)",A区2栋,5b957d8d-14d2-4f5b-895e-798697e34804,1.0,0.0,18.0,c72fefa5-482b-48bd-920a-88a56d9304be,Raise or lower,18.0,0.0,"[[[119.97520290176959, 30.523729704630576], [119.97525193395842, 30.523461512684907], [119.9750402412975, 30.52343368814226], [119.97499095124337, 30.52370216332846], [119.97520290176959, 30.523729704630576]]]"
1000,city/house/house.40,house.40,"rgb(255, 183, 0)",A区6栋,5fcb3716-5c79-49d9-bc34-34cbed82529c,1.0,0.0,19.0,18e6d91a-9b16-4427-a37c-6f231ef6a336,Raise or lower,19.0,0.0,"[[[119.97421248895164, 30.52275852719269], [119.97399714235812, 30.522758007592405], [119.97399506191844, 30.523031407826725], [119.9742125533289, 30.523030401162714], [119.97421248895164, 30.52275852719269]]]"
1000,city/house/house.41,house.41,"rgb(189, 186, 0)",,613d5e94-71a0-49c1-90ef-35dd5eb7c549,1.0,0.0,4.0,658edd24-94ad-468c-997e-82c36bd7ba19,Raise or lower,4.0,0.0,"[[[119.9737197896265, 30.52072650296941], [119.9737217135191, 30.520781203916837], [119.97375398862904, 30.520780285920335], [119.9737519938574, 30.520725897152985], [119.9737197896265, 30.52072650296941]]]"
1000,city/house/house.42,house.42,"rgb(189, 186, 0)",,62a83d26-951f-42e9-82b8-d1aa7a6b9192,1.0,0.0,8.0,cf08e65f-75fd-43de-b98d-ce287dc78998,Raise or lower,8.0,0.0,"[[[119.97500571270774, 30.52129652019013], [119.97502499565415, 30.521191734943073], [119.9748104690766, 30.521162509691443], [119.97479164520006, 30.521267317850807], [119.97500571270774, 30.52129652019013]]]"
1000,city/house/house.43,house.43,"rgb(189, 186, 0)",,630eb0dc-8aea-4582-b604-9259724bfb16,1.0,0.0,4.0,81e348ad-4273-4d26-921e-a840bb963a23,Raise or lower,4.0,0.0,"[[[119.97408765515337, 30.520476523825057], [119.97407615030305, 30.520423181901805], [119.97404532529643, 30.52042762230517], [119.974055986047, 30.520481302198466], [119.97408765515337, 30.520476523825057]]]"
1000,city/house/house.44,house.44,"rgb(189, 186, 0)",,684d5a5b-446c-4e29-8e18-d7a9ba8df542,1.0,0.0,16.0,85001d88-de4b-4643-9bc2-7192e58cd794,Raise or lower,16.0,0.0,"[[[119.97603076601534, 30.52191962345806], [119.97579053858396, 30.52188656198435], [119.97576196970074, 30.52204223836417], [119.97600184270514, 30.522075229607697], [119.97603076601534, 30.52191962345806]]]"
1000,city/house/house.45,house.45,"rgb(189, 186, 0)",,6fe0b159-312d-405a-9dcc-36f4aa937102,1.0,0.0,4.0,5988dff8-8aef-4ff2-80f4-9b1a11f829cf,Raise or lower,4.0,0.0,"[[[119.9734949626897, 30.52073396159727], [119.97349666462505, 30.520788121802994], [119.97352912982913, 30.520787813872435], [119.9735271178185, 30.520733275200683], [119.9734949626897, 30.52073396159727]]]"
1000,city/house/house.46,house.46,"rgb(189, 186, 0)",,7054983d-a84e-416f-90b3-81a270f7ad09,1.0,0.0,16.0,019d5eda-8af4-4c59-8f9f-07ce59518ce3,Raise or lower,16.0,0.0,"[[[119.97575801624717, 30.523432370643427], [119.97550982242979, 30.523397999449553], [119.9754790549707, 30.5235606076463], [119.97572508927111, 30.523593120189002], [119.97575801624717, 30.523432370643427]]]"
1000,city/house/house.47,house.47,"rgb(255, 183, 0)",国遥大厦1栋,72fa724d-ce4d-41a2-9f0d-466d84294680,1.0,0.0,54.0,f87c26c7-9e48-43a5-a653-e4fe9ea54e03,Raise or lower,54.0,0.0,"[[[119.97630326464264, 30.523939568592265], [119.9766397946545, 30.52398860416501], [119.97669474205824, 30.523698211198933], [119.97635479267664, 30.52364998586815], [119.97630326464264, 30.523939568592265]]]"
1000,city/house/house.48,house.48,"rgb(255, 183, 0)",A区22栋,7930fb06-dda3-42cf-80c6-a9d81b07e004,1.0,0.0,18.0,0682bfe5-dbc0-4327-a1a5-ac4ddd345099,Raise or lower,18.0,0.0,"[[[119.97526662361417, 30.522183286353197], [119.9754836870571, 30.52221376575183], [119.9755330541496, 30.521943967921025], [119.97531510238738, 30.521914111884676], [119.97526662361417, 30.522183286353197]]]"
1000,city/house/house.49,house.49,"rgb(189, 186, 0)",,7eba3f5a-9eca-4442-a171-60bcb6b0a6aa,1.0,0.0,8.0,0757bad1-8e5b-4a87-af9e-4cb09fee12dd,Raise or lower,8.0,0.0,"[[[119.97301263926042, 30.520387052550646], [119.97335606532427, 30.52035883762608], [119.97334857688847, 30.520288149642113], [119.97300455969246, 30.520315804083705], [119.97301263926042, 30.520387052550646]]]"
1000,city/house/house.50,house.50,"rgb(189, 186, 0)",,82856fc2-2c4c-42e4-afa1-319bc4400f3d,1.0,0.0,4.0,ec3447b3-e6c7-4d44-ae13-0148b69178f9,Raise or lower,4.0,0.0,"[[[119.97447058797101, 30.521953018608755], [119.97454815021669, 30.521953441288943], [119.97454982979897, 30.521593660508856], [119.97447128747991, 30.521593214971972], [119.97447058797101, 30.521953018608755]]]"
1000,city/house/house.51,house.51,"rgb(255, 183, 0)",A区27栋-中渔产业大楼,8583704f-132a-47c8-8299-ead946b66124,1.0,0.0,57.0,69c28fc6-12a4-4b25-b8a8-f1078e018dc6,Raise or lower,57.0,0.0,"[[[119.97618273895073, 30.521189540720986], [119.97584301025135, 30.521140965148494], [119.975790283416, 30.521426036250844], [119.97613120949266, 30.5214722338558], [119.97618273895073, 30.521189540720986]]]"
1000,city/house/house.52,house.52,"rgb(255, 183, 0)",国遥大厦6栋,8612e4c1-fe49-46e4-b014-c388055f9361,1.0,0.0,20.0,1f46eee5-5b55-46fd-ad14-5616d875c535,Raise or lower,20.0,0.0,"[[[119.97737592054946, 30.52273217246351], [119.97736252160358, 30.52271146769506], [119.97707890049901, 30.52266724430018], [119.97706187851468, 30.52268064039181], [119.97701270798171, 30.52290180180181], [119.9773333463057, 30.522942766572964], [119.97737592054946, 30.52273217246351]]]"
1000,city/house/house.53,house.53,"rgb(189, 186, 0)",,8937c0b2-04c3-487c-a2f7-a891574b0807,1.0,0.0,8.0,f6f809d3-43a0-4ac7-986c-d132d5ad9983,Raise or lower,8.0,0.0,"[[[119.9732179799783, 30.520611782252228], [119.97363549755332, 30.520633607039997], [119.97363975816343, 30.520567575220298], [119.97322220752922, 30.520545961136186], [119.9732179799783, 30.520611782252228]]]"
1000,city/house/house.54,house.54,"rgb(189, 186, 0)",,89f9b0f4-b7d4-40f6-974e-b7ae49b86b4e,1.0,0.0,4.0,aa028ca9-f5c4-47e3-97a5-253b3e9185cc,Raise or lower,4.0,0.0,"[[[119.97388980492185, 30.52052234887524], [119.97392202395673, 30.52052171497617], [119.97392098575725, 30.520466787135952], [119.97388814805937, 30.520468301104565], [119.97388980492185, 30.52052234887524]]]"
1000,city/house/house.55,house.55,"rgb(189, 186, 0)",,8b8ffd94-f358-4b46-8ddf-6f8ecd2dc610,1.0,0.0,4.0,f9299397-5b66-4569-b49d-b42981f23e25,Raise or lower,4.0,0.0,"[[[119.97338702236694, 30.520741567088123], [119.97339034735472, 30.52079474910766], [119.97341976640242, 30.520793248551648], [119.97341667412599, 30.520740043223054], [119.97338702236694, 30.520741567088123]]]"
1000,city/house/house.56,house.56,"rgb(189, 186, 0)",,94abb33e-40e7-4023-8b42-043a6c0f1a6e,1.0,0.0,4.0,6c6771d9-3e5c-4222-bb13-eaf33041c038,Raise or lower,4.0,0.0,"[[[119.97355887160543, 30.520732581127934], [119.97352834113869, 30.520733289442564], [119.973530103545, 30.520787792397826], [119.97356068345444, 30.520786731672064], [119.97355887160543, 30.520732581127934]]]"
1000,city/house/house.57,house.57,"rgb(189, 186, 0)",,9b6278ac-3fd1-4bde-ac06-ca644d1df93c,1.0,0.0,4.0,43669ee8-2fa4-4e7b-9ff0-3019e818511f,Raise or lower,4.0,0.0,"[[[119.97397848513995, 30.520437061977347], [119.97394779311752, 30.520441603941563], [119.9739586104953, 30.52049540646207], [119.97398918724006, 30.520491074776594], [119.97397848513995, 30.520437061977347]]]"
1000,city/house/house.58,house.58,"rgb(189, 186, 0)",,9e1aa008-ec03-403e-aa06-837dda7c7d27,1.0,0.0,9.0,c7ce12ed-dcd0-4628-a4d8-5d3125ebd636,Raise or lower,9.0,0.0,"[[[119.97480153960484, 30.521915821052207], [119.97478806199885, 30.521983570975962], [119.97501893627934, 30.522015192117188], [119.97503045620607, 30.52194715426723], [119.97480153960484, 30.521915821052207]]]"
1000,city/house/house.59,house.59,"rgb(189, 186, 0)",,a010a1c6-fee1-4f49-ad03-33afe977976f,1.0,0.0,4.0,6a3798cf-adaa-4c20-9d29-e6451d30133a,Raise or lower,4.0,0.0,"[[[119.97323404202477, 30.520735120142625], [119.9732024889436, 30.52073377129755], [119.97319935259299, 30.520787943127473], [119.97323127164863, 30.520789205944006], [119.97323404202477, 30.520735120142625]]]"
1000,city/house/house.60,house.60,"rgb(255, 183, 0)",A区3栋,a20865f3-90d9-49e6-a2b8-c144dbcaf6cd,1.0,0.0,22.0,9d193e0b-ca7a-4a23-b052-220e12e5f660,Raise or lower,22.0,0.0,"[[[119.97343132368643, 30.523335177421288], [119.97378118579712, 30.52330940109366], [119.97371593649328, 30.522665954506323], [119.97336668001846, 30.52269155599938], [119.97343132368643, 30.523335177421288]]]"
1000,city/house/house.61,house.61,"rgb(189, 186, 0)",,a5fa9b3a-fcee-4b4b-9f56-7b4037405f53,1.0,0.0,8.0,c2947c82-c00c-4229-904d-cfe989e27cab,Raise or lower,8.0,0.0,"[[[119.97312725392256, 30.520630194076837], [119.9731973838067, 30.520633599576897], [119.97320244620349, 30.520552544734166], [119.9731320771736, 30.52054926166202], [119.97312725392256, 30.520630194076837]]]"
1000,city/house/house.62,house.62,"rgb(189, 186, 0)",,a6c0c27d-161d-4c9b-a144-c6caee2437b4,1.0,0.0,5.0,324003e4-0a3b-44b8-bd0b-c5b452a67908,Raise or lower,5.0,0.0,"[[[119.97510895187777, 30.521314125771273], [119.97512007965659, 30.52125646877156], [119.97508820972172, 30.521251975647218], [119.97507676004702, 30.52130913830663], [119.97510895187777, 30.521314125771273]]]"
1000,city/house/house.63,house.63,"rgb(189, 186, 0)",,a730ccb7-b4b3-4147-8e27-885da2d66a51,1.0,0.0,14.0,c12e2f87-cbcd-4490-bbe2-43410593c136,Raise or lower,14.0,0.0,"[[[119.97637463865378, 30.523650682470105], [119.97662295846847, 30.52368600669217], [119.97666542928657, 30.523462089008277], [119.97641103140816, 30.523423739990335], [119.97637463865378, 30.523650682470105]]]"
1000,city/house/house.64,house.64,"rgb(189, 186, 0)",,a918ee48-d22b-4a58-b3bf-844171babb79,1.0,0.0,9.0,2c03fdb2-1ff1-44fb-9a0d-7c213f4f8159,Raise or lower,9.0,0.0,"[[[119.97477139060398, 30.522084354583196], [119.97500107998927, 30.522116640001308], [119.9750138765373, 30.52204849443735], [119.97478366502133, 30.52201657140357], [119.97477139060398, 30.522084354583196]]]"
1000,city/house/house.65,house.65,"rgb(189, 186, 0)",,ae3fc7d8-6c33-4ea1-b85a-f70b66890e6b,1.0,0.0,8.0,85f76387-df67-4f16-9891-200261baee70,Raise or lower,8.0,0.0,"[[[119.97447361287576, 30.52122868214881], [119.97455293418916, 30.521226917793165], [119.97454491805502, 30.520963070317677], [119.9744654827718, 30.52096539358564], [119.97447361287576, 30.52122868214881]]]"
1000,city/house/house.66,house.66,"rgb(189, 186, 0)",,b4918acc-37a3-45cc-a0a5-3df8af9d2d1a,1.0,0.0,4.0,b5c3321f-da8d-4d60-8c11-6e2a8f1d0b4b,Raise or lower,4.0,0.0,"[[[119.97330527506071, 30.520792796286422], [119.97329956825455, 30.520738948271013], [119.97326790494743, 30.520741594180382], [119.97327377183035, 30.52079550892787], [119.97330527506071, 30.520792796286422]]]"
1000,city/house/house.67,house.67,"rgb(189, 186, 0)",,bb6ae8bc-faed-4e3e-b9f6-f4ec51f5b105,1.0,0.0,8.0,7641e29e-295a-42f6-8f5f-8cc00e0c0a50,Raise or lower,8.0,0.0,"[[[119.97499181760797, 30.521378239649056], [119.97500463472034, 30.521311033934722], [119.97481388807401, 30.521285033433298], [119.97480259794135, 30.5213518238019], [119.97499181760797, 30.521378239649056]]]"
1000,city/house/house.68,house.68,"rgb(189, 186, 0)",,bdfd866c-4a63-4add-956e-2e0817a9dff5,1.0,0.0,16.0,d95e9261-d181-4b6a-96a0-1e266a90583d,Raise or lower,16.0,0.0,"[[[119.97556225319076, 30.523113994675033], [119.97581378280229, 30.523147510082886], [119.9758382210893, 30.52298117067117], [119.9755926377843, 30.522947934632057], [119.97556225319076, 30.523113994675033]]]"
1000,city/house/house.69,house.69,"rgb(255, 183, 0)",A区11栋,c3d0c1c4-5450-47ba-be33-2308055c97a0,1.0,0.0,18.0,5392a144-e7d8-4c24-84e8-39a4e2fd7e67,Raise or lower,18.0,0.0,"[[[119.97517642672867, 30.522681181288984], [119.97512573041062, 30.522955938187543], [119.97534020371891, 30.522985221646252], [119.97539159833481, 30.522711000459918], [119.97517642672867, 30.522681181288984]]]"
1000,city/house/house.70,house.70,"rgb(255, 183, 0)",国遥大厦4栋,c48656b9-45a0-4d77-a45b-623471acf3c5,1.0,0.0,20.0,083d5916-2d97-4f20-b114-6390333f9941,Raise or lower,20.0,0.0,"[[[119.97717295447721, 30.523772588214488], [119.97716464101825, 30.52375889143975], [119.97687027501834, 30.523722653644597], [119.97683623080805, 30.52394189619035], [119.97710731307818, 30.523977437127254], [119.97713692408524, 30.52397710391882], [119.97717295447721, 30.523772588214488]]]"
1000,city/house/house.71,house.71,"rgb(189, 186, 0)",,c7537b1e-b96f-41ab-8456-12f6663cb3bd,1.0,0.0,8.0,318ee4c6-2b1c-49a9-93fb-830305c93497,Raise or lower,8.0,0.0,"[[[119.97505299797673, 30.521094665123623], [119.97486417844738, 30.521070652083043], [119.97485267750984, 30.521136828199324], [119.97504209569371, 30.521160336626313], [119.97505299797673, 30.521094665123623]]]"
1000,city/house/house.72,house.72,"rgb(189, 186, 0)",,c80bc239-1369-4d87-b9e1-aaf6f99ad3f7,1.0,0.0,6.0,bd5d0bc5-ca05-49df-9e19-94cbbec3ee6a,Raise or lower,6.0,0.0,"[[[119.97520180773799, 30.522499059540657], [119.97537316946818, 30.52252270593989], [119.9753944355679, 30.522405557657773], [119.9752235337478, 30.522382134278566], [119.97520180773799, 30.522499059540657]]]"
1000,city/house/house.73,house.73,"rgb(189, 186, 0)",,cb36c54e-06aa-4b56-a640-f83b7348cd12,1.0,0.0,5.0,2b532db6-f2f8-43df-a48d-7ce41f6b96f6,Raise or lower,5.0,0.0,"[[[119.9736853296543, 30.520199761787012], [119.97369062046656, 30.520366826089493], [119.97376839359139, 30.520365554333193], [119.97376357108314, 30.520197692489297], [119.9736853296543, 30.520199761787012]]]"
1000,city/house/house.74,house.74,"rgb(189, 186, 0)",,cc73a8fe-d7a1-44e0-933a-7ce403273033,1.0,0.0,4.0,5a82c09b-4d7e-4ed9-9e79-0c7963705df0,Raise or lower,4.0,0.0,"[[[119.973353723184, 30.52074203830153], [119.9733566549636, 30.520796290092], [119.97338879256836, 30.52079525821889], [119.97338545424584, 30.520740903141487], [119.973353723184, 30.52074203830153]]]"
1000,city/house/house.75,house.75,"rgb(255, 183, 0)",A区10栋,cc9883a3-b529-4e3d-b30c-721112aaadd3,1.0,0.0,18.0,192b211b-560a-41b7-bda2-e4427b0cf353,Raise or lower,18.0,0.0,"[[[119.97527240211153, 30.523354450330306], [119.9753223672609, 30.52308592254724], [119.97510815217011, 30.523055163398304], [119.9750579487998, 30.523325049926136], [119.97527240211153, 30.523354450330306]]]"
1000,city/house/house.76,house.76,"rgb(189, 186, 0)",,d412e613-6c79-4377-ba3b-5cbedcaa8948,1.0,0.0,4.0,d227f1a3-0ac4-4c12-822f-5dba9d903012,Raise or lower,4.0,0.0,"[[[119.97316646297962, 30.52078638337167], [119.9731983422746, 30.52078742911447], [119.97320117461732, 30.520733564668777], [119.97316951759801, 30.520732141114166], [119.97316646297962, 30.52078638337167]]]"
1000,city/house/house.77,house.77,"rgb(189, 186, 0)",,d419542b-5b58-48be-ac70-25f5b3328a99,1.0,0.0,8.0,a3638413-37ce-48e2-b2eb-b67c2d3b93b1,Raise or lower,8.0,0.0,"[[[119.9746640306514, 30.521191872387618], [119.97465703815676, 30.520961173382982], [119.97457983213603, 30.520962912608727], [119.97458672992644, 30.521193670622583], [119.9746640306514, 30.521191872387618]]]"
1000,city/house/house.78,house.78,"rgb(255, 183, 0)",A区13栋,d5396a57-159c-4365-a51a-e7fb2d04d604,1.0,0.0,57.0,714993a1-aa8f-4e43-9d3c-95c7d7277ce5,Raise or lower,57.0,0.0,"[[[119.97582236636656, 30.52315826896903], [119.97547407212713, 30.523108092304476], [119.97542396173888, 30.523386158095306], [119.97577288189702, 30.523434273001577], [119.97582236636656, 30.52315826896903]]]"
1000,city/house/house.79,house.79,"rgb(189, 186, 0)",,d802d433-7833-4ba7-85d0-a13099ed1f63,1.0,0.0,8.0,e8dce942-959b-463f-a3b3-56d84b50c1a2,Raise or lower,8.0,0.0,"[[[119.97448125871675, 30.521497981843357], [119.97455948294899, 30.521497481779583], [119.9745520486047, 30.52123062537951], [119.97447300395673, 30.521232516638154], [119.97448125871675, 30.521497981843357]]]"
1000,city/house/house.80,house.80,"rgb(189, 186, 0)",,da845922-f2ab-44d9-a949-20cd13f2e51a,1.0,0.0,8.0,2bc7e244-0b57-4c6c-b756-2be57b3878c1,Raise or lower,8.0,0.0,"[[[119.97505699104548, 30.521071430479058], [119.9750685064067, 30.52100554752641], [119.97487862952329, 30.520981791675805], [119.97486775350198, 30.52104755137159], [119.97505699104548, 30.521071430479058]]]"
1000,city/house/house.81,house.81,"rgb(255, 183, 0)",国遥大厦3栋,e05f2313-327e-4028-be50-b0ae9022aefd,1.0,0.0,54.0,fba67345-6c1f-45bb-81a4-965f71aaed35,Raise or lower,54.0,0.0,"[[[119.97655031776551, 30.52260581751571], [119.97649246344469, 30.522894484656806], [119.97683656553893, 30.522939940321375], [119.97688736265712, 30.522651627704274], [119.97655031776551, 30.52260581751571]]]"
1000,city/house/house.82,house.82,"rgb(189, 186, 0)",,e10978e6-5777-4b09-a7e9-398647650bc1,1.0,0.0,4.0,ee5940c9-c941-4e0f-a9c7-8e51dbcba546,Raise or lower,4.0,0.0,"[[[119.97510286560642, 30.52135322898624], [119.97504200854628, 30.52134480475277], [119.97499968584411, 30.52157042243134], [119.97506056870972, 30.52157903782315], [119.97510286560642, 30.52135322898624]]]"
1000,city/house/house.83,house.83,"rgb(255, 183, 0)",1号楼-德清市居公寓（在建）,e1208654-96a5-4c8f-890f-cfb823a5789f,1.0,0.0,8.0,86984bad-02ca-474f-95bb-24534829b255,Raise or lower,8.0,0.0,"[[[119.97515141248425, 30.52236156033917], [119.97515899692777, 30.522278550585785], [119.97492181157497, 30.52226418370578], [119.97491534521241, 30.522346347880795], [119.97515141248425, 30.52236156033917]]]"
1000,city/house/house.84,house.84,"rgb(189, 186, 0)",,e5a9e2a3-4aba-492a-b039-bb1bac854285,1.0,0.0,5.0,5ba28393-cb02-4240-87ca-14e23553c743,Raise or lower,5.0,0.0,"[[[119.97521799632594, 30.52090348564344], [119.97513035874769, 30.520891426541265], [119.97511641727057, 30.520972479342348], [119.9752029295809, 30.520984519353615], [119.97521799632594, 30.52090348564344]]]"
1000,city/house/house.85,house.85,"rgb(255, 183, 0)",A区12栋-中海达,e6a87763-16ae-43c4-a59d-8bc3e04dfc0f,1.0,0.0,57.0,03aaead5-1cc9-4686-971c-19559549eb90,Raise or lower,57.0,0.0,"[[[119.97569332196272, 30.52388608399651], [119.97574082254965, 30.523605058632594], [119.9753909103629, 30.523556426081647], [119.97534087476677, 30.523835619419273], [119.97569332196272, 30.52388608399651]]]"
1000,city/house/house.86,house.86,"rgb(189, 186, 0)",,ebca3656-daf6-4b18-b598-a6183bfdb669,1.0,0.0,4.0,c1ec6a9b-ba5e-40c1-8c71-92643dc45083,Raise or lower,4.0,0.0,"[[[119.97513806846828, 30.521177576028823], [119.97517267468976, 30.52098046151752], [119.97511257447871, 30.520971934735698], [119.97507721990762, 30.52117014363556], [119.97513806846828, 30.521177576028823]]]"
1000,city/house/house.87,house.87,"rgb(255, 183, 0)",A区26栋-地信小镇人民法庭,ebdc96ec-32e9-4d12-af8a-22724fdf96e7,1.0,0.0,57.0,780f6947-21db-4f7e-bb57-bbc629596d1b,Raise or lower,57.0,0.0,"[[[119.97609817657703, 30.521636385297466], [119.97576012982135, 30.521590415945543], [119.97570534057537, 30.521874620575723], [119.97604552979173, 30.521921328629457], [119.97609817657703, 30.521636385297466]]]"
1000,city/house/house.88,house.88,"rgb(189, 186, 0)",,efbb4887-1719-4985-8fb1-e213f8d92885,1.0,0.0,6.0,712d0cb6-48fd-46da-aad3-5fc4774f2a16,Raise or lower,6.0,0.0,"[[[119.97415533278203, 30.52212341434417], [119.97415555777495, 30.52215650585097], [119.97417649363452, 30.522156478368057], [119.97417595668277, 30.522123112743554], [119.97415533278203, 30.52212341434417]]]"
1000,city/house/house.89,house.89,"rgb(189, 186, 0)",,f5245073-7f33-433c-a203-706aa04ed5c9,1.0,0.0,8.0,348da2e3-81ee-4c24-9a86-e6aebb28abf5,Raise or lower,8.0,0.0,"[[[119.97422929278342, 30.522162628229825], [119.97450051889996, 30.522160365596722], [119.97450037065441, 30.52209011301081], [119.97422871810654, 30.522089765988454], [119.97422929278342, 30.522162628229825]]]"
1000,city/house/house.90,house.90,"rgb(189, 186, 0)",,f95da0f9-33f8-430d-b0cb-e92c11b2eebe,1.0,0.0,4.0,4c3b7f22-4ec5-49eb-b1af-834103c1fc4e,Raise or lower,4.0,0.0,"[[[119.97453114665865, 30.522276144643946], [119.9745317024497, 30.52216505558491], [119.97445171293556, 30.522165790665834], [119.97445248453523, 30.52227632182294], [119.97453114665865, 30.522276144643946]]]"
1000,city/house/house.91,house.91,"rgb(189, 186, 0)",,fbd516f1-21e9-4794-9442-70540be2f993,1.0,0.0,8.0,46e46b93-d154-452c-936b-2f9e12a2d4c5,Raise or lower,8.0,0.0,"[[[119.97482409040231, 30.521889995605342], [119.9749007068472, 30.521901603226084], [119.9749213130642, 30.521797425720084], [119.97484507847166, 30.521786091536274], [119.97482409040231, 30.521889995605342]]]"
1000,city/house/house.92,house.92,"rgb(189, 186, 0)",,fdf63228-c865-45e8-be04-ec1695c19012,1.0,0.0,4.0,db146b56-73f0-486e-82fe-fcecd293c73a,Raise or lower,4.0,0.0,"[[[119.97333329932532, 30.520739085708435], [119.97330121206241, 30.52074184896204], [119.97330736944656, 30.52079591269902], [119.97333916283652, 30.520793460408015], [119.97333329932532, 30.520739085708435]]]"
1000,city/house/house.93,house.93,"rgb(255, 183, 0)",A区5栋,ff006068-29d4-4ee1-8f59-9d81bae2f3ab,1.0,0.0,19.0,7e829867-a795-4d1d-9f29-6ffe0214d0b6,Raise or lower,19.0,0.0,"[[[119.97399584171343, 30.52318926301753], [119.97399499567214, 30.523461881919157], [119.9742113262864, 30.52346178863017], [119.97421161207888, 30.52318903347446], [119.97399584171343, 30.52318926301753]]]"
5000,city/manhole,manhole,"rgb(4, 0, 255)",井盖,,,,,,,,,
1000,city/manhole/manhole.0,manhole.0,"rgb(0, 208, 255)",manhole.0,1,,,,,,,,"[[[119.9764866, 30.5196826]]]"
1000,city/manhole/manhole.1,manhole.1,"rgb(0, 208, 255)",manhole.1,2,,,,,,,,"[[[119.97496, 30.5199321]]]"
1000,city/manhole/manhole.2,manhole.2,"rgb(0, 208, 255)",manhole.2,3,,,,,,,,"[[[119.9786203, 30.5204606]]]"
1000,city/manhole/manhole.3,manhole.3,"rgb(0, 208, 255)",manhole.3,4,,,,,,,,"[[[119.9744544, 30.5240898]]]"
1000,city/manhole/manhole.4,manhole.4,"rgb(0, 208, 255)",manhole.4,5,,,,,,,,"[[[119.9729769, 30.5218522]]]"
