elevation,relief,slope,profcurv,aspect,ndvi,road,water,fault,pga,lithology,landuse
0.24246028218878035,-0.007108074016269731,0.010922145685720091,0.00041726420288085153,0.0,0.0028719732500433357,0.018829918141506446,0.041510344059452246,0.05331547259051568,0.0016805092828570912,0.001452851098497541,0.0
0.1913325967969577,-0.029741721785998557,0.021441561739223562,0.0,0.0,-0.04325902453407167,0.015475058913106559,0.036671546330546236,0.029192208619614888,-0.02168151460528735,0.0038384673627968047,0.02953542249706924
0.280090643673137,-0.0076858736344735555,-0.022538107001259654,0.0023710124287396757,0.0,0.0,0.006818256673126558,0.03733341932720633,0.05208434564664809,0.014394367687123532,-0.011517121646698325,0.0075928701331142694
-0.31679163235968405,0.01761745956255592,-0.03319716690453697,-0.016208003010293896,0.0026837162460593826,-0.005452820834345816,-0.10053970287798236,0.0,0.010597255614775805,0.002051486910124578,0.0,-0.005239946498677181
0.20645853196580985,-0.00953285516215724,0.0,-0.02172604730325027,-0.012387825501668602,0.0,0.02869704156114027,0.045670199460769736,0.04123755534753143,-0.012025692524325391,0.0022903540172352632,-0.024602829487243096
-0.25959437943035885,-0.014606383589656704,-0.03452360098945159,-0.02189490416940768,0.010911890189005412,-0.00748808902060677,-0.1346181319225598,0.014213309556331878,0.0,0.017559265036593268,-0.015018231347680235,0.0
-0.28530606623155025,-0.009264124143792579,-0.042152429649868296,0.0,-0.0036448040942426976,-0.000680583925404187,-2.1467029672393567e-05,0.014165106057345556,-0.006916599911776121,-0.08007525733539607,-0.031419448613976324,0.0
-0.21427100794896892,0.013421407959540003,0.009181927941353816,0.00714662781149558,0.0,-0.006856383171460208,0.013851274981208778,0.027869818233292286,-0.2828222983510316,0.0,-0.00219295592026314,-0.006465418456903047
-0.1515213303751554,-0.04574826995633952,-0.08612665400693378,-0.08259913799363879,0.0,-0.00566487221379137,0.0,-0.12014966719909609,0.061134023023789785,0.04394322189891301,-0.021776921623529653,-0.009738194049462301
0.19107044910867965,0.02193168159336366,0.01596734569524026,0.006898654807554641,0.0,0.0,0.022284526642996072,0.03435323197222576,0.06549384470677752,0.0059745738338627214,0.0025511390573259643,0.00216300237635908
0.2476384442875736,0.0,0.0014954474202549166,0.0008786461509888155,0.0,0.0021419179725116243,0.019763223212883655,0.009997887198622601,0.061629350350905915,0.021545662657805557,0.002549408816079623,0.0011336686742832159
-0.08371439171915768,0.00666831322809569,0.02574482990860585,-0.008696979424279489,0.0,-0.015040763259678295,-0.1261391067506628,-0.07561435261626956,-0.13883366227183339,-0.016697601337546185,0.0,-0.008165903550448828
0.22012283336055788,0.0011223953461146638,0.01897357905091408,0.0075709893160753675,0.0,0.0,0.008858077429375666,0.03006359884876002,0.059888585596725295,0.015204192010715569,0.005358232175762881,0.0005424331112626191
0.22561073637303503,0.0012223391489648572,0.008532063954052019,0.0020751436704883907,0.0025941953449357784,0.003181009982855495,0.01796818015077948,0.026584810372224186,0.06733521907342174,0.011875179122395512,0.0,0.0
-0.09615059052812212,0.02641835805110279,0.03245719503273662,0.0,-0.012383053005047074,0.010613591212909057,-0.09904772466577368,-0.04752226383338573,-0.15079540446669026,-0.08906269796651896,-0.018406690181781305,0.0
0.2968737589403366,-0.008897771161818982,-0.039663961666204485,-0.024518031530170233,0.0,0.0012429422314793458,0.02150902973403218,0.03150500147295296,0.07239184399069631,0.0,0.00931198288429308,0.0
0.2778558011671059,-0.017244585394091017,-0.01706505390276158,0.0,-0.00881478282881108,0.0024728839343827365,0.018467156306641315,0.03168904353556684,0.05942169073358298,0.02058388972206442,0.0,0.0008961382669856466
-0.0034183700169336272,-0.007379974309010261,0.01161625538931611,0.030814167720163994,0.022006739454748615,0.0,0.0,-0.3784376982016366,-0.0014272348710654063,-0.0734630151791938,-0.0003856446173716166,0.020091317494686477
0.16506866748285443,0.02690233931992937,0.021590877815431914,0.011468656447754438,-0.007472184776275925,0.0,0.0376739061518877,0.04815457773374602,0.06324577139828848,0.016968840089180717,-0.02104303098020059,0.0
0.20664825436321124,0.025555161051306174,0.005372719174864339,-0.030279670518326585,0.0,0.0,0.03495977109681072,0.025002253208060578,0.044539481029594014,0.04670078054726595,0.0026367108632433284,-0.00038424611597902487
0.19200411168980938,0.01859565446743281,0.017793147886882587,0.005376024586343804,0.004731987626323431,0.0,0.030617958034962485,0.023126737582564377,0.059353036953049394,0.010409214648373997,0.00696690047107969,0.0
0.3114873701442322,0.0,-0.07570090011569867,-0.02063432508770191,0.008295257868950325,0.0,0.017480513099792244,0.04086596143867002,0.04473801111490399,0.022444471078174787,0.0053453200825580496,0.010590257262160514
0.19052208051461614,-0.015803830187177625,0.0,0.0,0.004965155513656566,0.03036299697442624,0.024508147623275658,-0.07448418753698759,0.06972577456105454,0.08037031221835994,0.005196393756204699,0.012147009117965518
-0.0651708615925313,-0.03360507128344444,-0.0732281035729442,-0.0032342232837742437,0.0,-0.014855496567626726,0.0,-0.10027231858607893,-0.15100135262608802,0.018821651429978808,-0.011759113310123042,-0.0006462815808948585
0.03093211068587343,-0.009701971035111057,0.07549426590306983,0.013961588259724144,-0.019810960252682253,0.0,0.07496569777057598,0.03996830041895281,0.06626504415876802,0.0,0.002749749497388511,0.011520997346844919
-0.40820767385601175,0.01751268673094417,0.009626391073119748,0.006059271853621741,0.0,0.0029247656449376946,0.0027344919388508915,-0.008306176747291895,0.027898449388417703,-0.06170464114249079,-0.03300775977640258,0.0
-0.20756166900492304,0.0088317199314674,0.0,0.0,0.015797100190321742,0.0018915493055856603,-0.09853254506041477,-0.10959217443306,0.00280372248361581,-0.02378197769634095,-0.031077849319238786,-0.003939586701459615
0.2903505178899024,0.0,-0.06075462723160072,-0.025271200678885997,0.004972996782484174,0.009478288679999903,0.014784363702903066,0.023969768638258303,0.06363487203466618,0.03745973871629048,0.007158694992864605,0.0
0.216219681140437,0.0,0.006041839238849562,0.014876973174204366,0.002689713403941366,0.0,0.025884491911801262,0.039347890974015365,0.05195609244843113,0.0030425541810571717,0.012473566451747138,-0.00553093341665678
0.044378458443436436,-0.023491405663078804,-0.0057799399492690084,-0.014358790052929771,0.0,-0.0057403734335882955,-0.03635687812986097,-0.13276847390415877,-0.20453914893662206,0.0,-0.058480270317470676,-0.008089955163622216
0.2764665925112036,-0.019022326718496293,0.0,-0.018159402928028975,0.0018208292120118763,0.0,0.02136476053557307,0.025200899647835846,0.06317367051721764,0.019351417938727244,0.005028141650982269,-0.010267493480224881
0.176450607179374,0.006108777132409447,0.015492358534562914,0.005786209265423585,-0.004521840007476963,0.0,0.0433127435821685,0.023034496931967765,0.061638277127748886,0.028523092868954613,0.005762879893390489,0.0
0.21621097285572974,0.0,0.03030801321722468,-0.02900506250228921,0.011987092882016714,-0.013806741882552487,0.018994272261905493,0.07423614858320124,0.05208634088849056,-0.023371149899408267,-0.01154369377938433,0.0
0.2579368748924701,-0.018573980569217788,0.00798467151937843,-0.01925667573357301,-0.0038286174648949883,0.0,0.015565024564191293,0.03863518238992319,0.05901802167991956,0.033006833826756954,0.0,-0.003150158647756862
0.05506181599355505,0.073881088251866,0.0477819046606364,0.041308071036373906,0.010904964740190749,0.0,0.012874543263050727,0.04546084554867894,0.07657643281985958,-0.022287022270718104,0.0035393498442954545,0.0
0.018619696948998506,0.06040795168191529,0.04249783627177911,0.042345077860715064,0.0,-0.027351741454218058,0.0324865736574795,0.051056478162904206,0.09235101821064282,0.04737736687501847,-0.01877059406472481,0.0
-0.2801489433111459,-0.00906533165058315,-0.01471450954581194,-0.019376170050786456,-0.005058332903501236,0.0,-0.12691184010507472,0.009255088214261591,0.0,-0.01020424505083295,0.007281659646612034,0.00394314221497738
0.19090909928265248,0.02506298248758818,0.02425011532122858,0.0,-0.0076195236394805965,0.009334672258389699,0.01217942733223429,0.025428786070213715,0.06893522016356063,0.0027039904255081815,0.0,0.008961017814659498
-0.15206764698027467,0.0,0.0,0.22233717368827977,-0.02235688918487755,0.013125717228269275,0.007371015456526102,0.009238808736953038,0.05254951094846466,0.02321436764942419,0.07526832978552282,0.017279095475033295
0.27505333144766597,-0.005921384106203076,-0.07984768934122644,-0.025831904370673384,0.0,0.01548944337327565,0.015997478767487278,0.054665800478305576,0.06752592888820828,0.034467112083435246,0.0,0.00599498317490318
0.16741676953411008,0.025997068410975096,0.008647471031310435,0.0071245341601967995,0.0016346804430394243,0.0,0.03304140687044928,0.0574922022655418,0.06452206608525124,0.0,0.0011108152398658063,0.001024655360769955
0.25731066071744596,-0.014646647556903333,0.0011221324360519702,-0.011771534853438344,0.0,-0.015526938243733445,0.015726194376832554,0.03831707320299123,0.051882956215829105,0.03229970091517822,-0.004901324181745961,0.0
0.08719444425440201,0.053270704979762606,0.0332318776164522,0.06894226336585377,0.0,0.0,0.039874340368512354,0.03899534477625181,0.03849425218239582,0.0021838921044683387,0.003796424443364621,0.00038031854071168825
0.22166367861152625,0.0,0.011261060598426116,-0.014551588909653874,0.003270639957555001,-0.00935249135173017,0.0237490295227327,0.03686495289329892,0.05835651600735134,0.033364607823252526,0.0,0.002923778239374508
-0.20848939090077162,0.021558097888677068,0.0,-0.006788950595944968,-0.007303336206477853,0.005601065017050544,-0.1155835271658547,-0.1381959989939293,-0.01044946806427729,0.009776748854925472,0.0,0.004902176341064492
-0.2773188102167479,-0.019910275752711794,-0.062318736196187316,-0.027372130926692297,0.0,0.0,0.006050858551829765,0.0037540998576148787,-0.009847311474760126,-0.07084918623704377,0.019670338966170226,-0.006707820798803388
0.12640500467449953,-0.016583300007632765,0.0,-0.025350061128559483,0.02186108804965845,-0.06616165363210366,-0.020236805660708495,-0.29438043271428793,0.0,-0.15715571672078962,-0.004194279305716753,-0.001968256107026387
-0.18660954687738981,0.015216525430022212,-0.02457657476719716,0.026387709829538687,0.0,-0.006254492105903643,-0.02012070760953783,-0.10739767772803567,-0.1489599567379589,0.013266319629929418,-0.006335716140880798,0.0
0.14429694220936173,0.015314604514846834,0.015147461938113926,0.016398254875236464,0.0,0.0,0.05261666357494808,0.03782895193886809,0.060995143076459514,0.021099004443233402,0.009281024993613485,-0.004426580494839849
-0.32486159993090813,-0.01062702554405202,-0.010931741517200461,-0.012815229463431192,0.010595700523762852,0.0,0.02137885432624217,0.014929217397771036,0.0,-0.08760668745059175,-0.030232361871879342,-0.013979132385301508
-0.3856724496977171,-0.03329443234895013,0.006871388323813025,-0.021190324378304374,0.006338566377450394,0.00819586067857132,0.0,-0.016722669260445563,0.0124681953834756,-0.0036783000123138715,0.0,-0.011235494157665862
0.2386126240754828,0.005588027534910702,0.01625007664256686,0.0,-0.004626945864210752,0.0,0.008318315918215044,0.031109004329323002,0.051779765087591245,0.013562697185971855,0.005047609805359708,0.002475016526978011
0.24209867765185833,0.0,0.015891300474405737,0.004424670091990599,0.0044539723022316855,-0.01247309219967474,0.00805973360331009,0.03005925497789567,0.03666374512971702,0.02669057620495785,0.0,0.011079503027413925
0.008112746148742658,-0.004498316105916285,-0.0016484409213613493,0.0,0.0,0.0031687234531611523,-0.1361296770223732,-0.12794309154904276,-0.18696524491027253,-0.011024259569450207,0.005144301605928098,0.007069225203719219
-0.1484014701707866,0.0,-0.030150067257942108,-0.031221765879122728,0.04198172263568375,0.0,-0.04735569985364189,-0.043449981251354235,-0.14175418410489304,-0.03285949588168991,-0.009659335818194729,-0.0025103197716283
0.19006188893798787,-0.011690922183966303,0.04333311210250714,0.012028768192876795,0.008921525730892313,0.0,0.022932771094028616,0.04612855941567858,0.051796370322376245,0.012188501565603506,0.0,-0.015064751165020485
0.14949820353841917,0.02397850190924214,0.008955362944391221,0.015320543865596416,0.0065531370521200345,0.0,0.04456091817499405,0.041933454826470734,0.0558456073462929,0.0,0.016902091799014585,0.004965641920303798
0.273085224203177,0.0,-0.02301949232294951,-0.011606780253494542,0.0,-0.03103235076625888,0.036522578054787584,0.04002945874024455,0.03459099598135178,0.0292903900969204,-0.0193065307757917,0.020694247373937037
0.2393976510892813,0.0,0.0075383858675259685,-0.02054480802254997,-0.004486494165612087,0.0,0.02021956552280383,0.04469539792455314,0.06114412722226409,0.01600529161977886,0.011104051093733826,-0.007211282789185378
-0.1614573010404131,-0.03723485731253417,-0.053205013523581014,0.005953102191538329,-0.009770750528443181,0.0,-0.19467849599006773,0.011691476008307996,0.011932708174304403,-0.005556245217599286,-0.00999530220503786,0.0
-0.23391032647092297,-0.004798769896169361,-0.06501311803713859,-0.03474417417757366,-0.005907108736774085,0.0,0.011809457432764868,0.0,0.009850639238497105,-0.08405051646137358,-0.05059726221071744,0.011981565963441439
0.23709646041221824,-0.006145671225836258,0.020876138663365223,0.0043846577897358185,0.0,0.0018343677482966273,0.017080775398218957,0.026963415906406073,0.03860513529751526,0.023162670052866527,0.0,0.004948516428765196
-0.1126232699682039,0.03189896177041546,-0.011078373797371859,0.0,-0.003780764886478126,-0.015050940762189859,-0.057311901358732355,-0.08293462943213897,-0.12490871657347513,-0.04906090541211195,0.0,-0.020575146058393126
0.07871971121118482,0.05604468137084966,-0.05465380541597084,-0.014001303330178377,0.0,0.004005671120668832,0.0,0.011474778269822997,-0.3492255584768531,0.012417767127799377,0.009101705406674182,0.014618047038994565
0.205556617195138,0.020300225864544004,0.0036009501976844672,0.010713746599847529,0.0,0.005061239421039526,0.0226890005510306,0.023833839431069606,0.057086247830270824,0.01816899632369677,0.0,0.001030994669201979
0.14904552737788512,0.023516051110148924,0.01959286424691586,0.014312358690725294,0.006990979190828767,0.0,0.03803416250948618,0.02993905977269695,0.0661135670838676,0.01684740554121908,0.004430009106051236,0.0
0.2956482669685646,0.0,-0.043412598982919014,-0.008268738896804944,0.0009978324613742484,0.0,0.016321703044923554,0.01303878751125853,0.04028513148563674,0.04102062953074837,0.008192398398320932,0.002966834245565549
-0.22351474165721255,0.010215427594279429,0.004260747475168986,0.0,-0.012160225405745679,0.006141739615499206,-0.005707431527131213,-0.008953942858934076,-0.22298063988637534,-0.014282679748123455,0.0,0.0216607018797149
0.12481237907097086,-0.017755314373186868,0.029913329318521836,-0.08736699005964163,0.0,0.06054956834749984,0.014907331837113916,-0.15243851905291603,0.0,0.04217027679760403,0.019261815109515277,0.020343730151426875
0.15597720998066938,-0.013884196804356139,0.010021569031203869,0.0018934846253007647,0.004110421932158445,0.0,0.059447349345192115,0.047959872517686866,0.06433592993186682,0.020891860781711284,0.0,0.0007651299946182522
-0.08382109853529268,0.013219803955955798,0.03028162812391799,0.019934533836448935,-0.023814800404678524,0.006210306986682401,-0.2638989199394106,-0.15916317907885189,0.013178257226547833,0.0,0.0,0.005605282029845921
-0.4435179297302464,-0.012180995430260345,-0.0043590791128364954,0.006306477382682803,0.0,0.0026132669855383206,0.014889335365247185,0.008585768919847452,0.009838652553231247,-0.0035703745467606128,-0.022953190961339118,0.0
-0.3043563247474703,-0.005882439570674913,-0.024650815938198078,0.01416285818343152,0.0,-0.006644272076185399,-0.12572730912042704,0.0,0.011827514986706478,0.014061541188642173,-0.0037407724726159094,-0.013796196423175693
-0.2009297388021014,0.01270157747060356,0.0,0.005334886996818092,0.0,0.010456820473306478,0.011133812257850229,0.012671185365093863,-0.24398258025063513,-0.04138500895394471,-0.005497301396114649,-0.004443047857669358
-0.2609284165971787,0.026525409629942202,0.0,0.008920256691758187,-0.002098796873582831,-0.02452813948971923,-0.13308719996632712,-0.06603519047612046,0.017279819794687998,-0.0047047645371127034,0.0,-0.004218311845579544
0.033102585395003103,0.08204814668431155,0.020186333753946673,0.041994557108542434,0.0,0.0,0.05917309461552486,0.060865641864807155,0.06764151686641959,0.0021111437447316286,0.002717611069260694,-0.01580673468050947
0.2788946574698778,-0.002353503314035388,-0.010207309327867198,0.0030046664932887753,-0.005005020299280707,0.0,0.009756761207179448,0.01805179692631764,0.057388187180294585,0.014550077139037047,0.0,0.0007440571192780374
-0.2645924631324787,0.005017664193582828,0.018002863249230342,0.026054300650338567,0.003329782497463327,-0.003453855766995362,0.012276399491757592,0.009734016567426274,-0.20011850014572147,-0.05144021864267082,0.0,0.0
-0.31914175314806414,0.05457766723115639,0.03623065101874908,0.014875658022753854,0.0,0.0,0.050854037484022,0.025192446885153316,0.05145863627968345,-0.06763794219447783,-0.010107410305673081,-0.045468861317765154
-0.29066354551004164,-0.08383625020070189,-0.011277366675378904,-0.03851382165871531,0.0,0.04760665254657018,0.04637202828810861,-0.034684945607703174,0.04170649418480873,-0.013951226424561727,-0.00735256584488625,0.0
-0.29585546664268936,0.008709362660791524,-0.00965728079290704,0.007669843092879928,0.0,0.0,-0.16616295541986334,0.015006246467541604,0.02012110434135677,-5.090803816839141e-05,0.004504311184713672,0.007500212106106068
-0.22553922294670964,0.07572229270657256,0.02411448024436247,0.04024021760733911,0.0,0.057696933956284065,0.012197877791326181,0.03768236773325495,0.047220464240059,0.0819502558200585,0.012483276566313317,0.0
-0.19253947326365375,-0.03490147545915431,-0.04743550875630339,-0.0043347462199819315,0.022957050404582846,0.0,0.031565809682496324,-0.07253124618778062,-0.17042913785709993,0.015173443403449666,0.0,0.007222427279700572
0.1981744478619989,0.02189520051823524,-0.017636014614075286,-0.0034619152874180714,0.0,-0.004377782660255933,0.044364300140476355,0.026260454636602436,0.06745315844198689,0.02089036835664236,0.0,0.008811929639925263
-0.28370406759062355,0.0,-0.055988078580235835,-0.0055876577154266496,0.006715011222945317,0.008624375234510435,0.019279750195901613,0.0038409339004020215,0.0,-0.07539812350565159,-0.04332483727866307,-0.018698400074897606
0.10689903490350387,-0.015328663549307725,0.03617220885252778,-0.03316923240327954,-0.01624864777832887,0.0,0.06323093578308098,0.0905651111121658,0.05145738712705957,0.0,0.0309077820471697,-0.009821190333556717
0.13690514526401792,0.02692390881411157,0.008029318073374826,0.01656603333121132,0.0035262714550594594,-0.004291262567835741,0.05345120975107387,0.05550322839675217,0.057848276150822595,0.007957019956183378,0.0,0.0
0.20636155974623413,0.0,0.021355364365582902,0.002072007403997156,0.004699020523219325,0.0,0.023397100791076975,0.033048363181637466,0.0213209099142365,0.030143101592700866,0.004007340746550143,0.01211468487629263
-0.014845124650497405,0.007272679855834019,0.022412556801223674,0.0,0.0,0.013921454329092663,-0.01928170444778289,-0.14460546979523178,-0.287266857273915,-0.019229878523152347,-0.011081316640407094,0.00993337787351542
0.08513198268929813,0.0,0.0059972191873400105,0.06041724381084499,0.0,0.01387281257699674,0.06983032667398616,-0.2018282140696976,0.18927691254314283,0.05826927076706557,-0.03527246676525137,0.03475766566698636
-0.47380022610349604,-0.006913396918935231,0.010501897832699909,0.0,0.00702368535435022,0.0033010053785204442,0.0050393441156979905,0.007459143273224016,0.012093313076277132,-0.004534532892526192,0.0,-0.004351033847484365
-0.03211061900532135,0.038258194572025915,0.026443946401005638,-0.016300530600089628,0.0,-0.027899751215141634,0.02556572747611279,-0.3584064749623942,0.04660361146791418,-0.027583104030463615,-0.014652752363123411,0.0
-0.1467082810044716,0.06439827310582288,0.0,-0.024098469197805956,0.014861563245239297,-0.029269663088815307,0.039551086267313094,-0.2430962889021762,0.02078016948759721,-0.017571704643327284,0.0,0.021851840733325356
0.2322585861635756,0.011608953458890615,0.003070385160062402,0.0,0.005105375483531533,0.0,0.017830289552003525,0.012755716091176018,0.0544088776135548,0.024833892588121766,0.0029932340294684945,0.0038815286285551697
0.21095372114046518,-0.012663780144747375,0.01622913045061852,0.0,0.0029792979371922935,-0.006246587049515251,0.03084851652800959,0.0389451085636746,0.051120734778797104,0.016677078582127615,0.016970833280941774,0.0
-0.3553892634796428,0.01786941024360078,0.011456230274602968,0.008385302932819527,-0.012369145422823934,0.0,0.0,-0.12276184615852045,0.03896960816061789,-0.009101445802393766,-0.017041174725757377,-0.004673335907544117
0.2787272073884799,-0.021191651810349627,-0.044504175584243265,-0.0029195776828590536,0.0,0.0,-0.008341707649531016,0.028838754755076332,0.05165314568557156,0.056265264269428975,-0.008847706507095142,0.01846726753426073
0.18296292527611174,0.020200131889053223,0.016974107924861884,0.031046455098542557,0.0018067166325127504,0.004662933703532185,0.042260329454830305,0.02296362822448062,0.03832416000819156,0.0,0.007485909566254149,0.0
-0.3199991459182795,-0.0258629041118461,-0.061897604544372896,-0.02546612151751934,0.010929039927708644,0.007896298506942618,0.0,-0.006886634247469691,0.01928000556251369,-0.0053796958285422525,-0.03708285353688793,0.0
0.22661148209694218,-0.005238398153318538,0.0,-0.024370860311014323,-0.00244176684655109,0.0027392753311720197,0.020362615290609613,0.05902921059193025,0.0526191606215877,0.03811066399448887,-0.005288677509929276,0.0
